Date,Time,Latitude,Longitude,Type,Depth,Depth Error,Depth Seismic Stations,Magnitude,Magnitude Type,Magnitude Error,Magnitude Seismic Stations,Azimuthal Gap,Horizontal Distance,Horizontal Error,Root Mean Square,ID,Source,Location Source,Magnitude Source,Status
08/07/1966,17:36:12,31.0395,-113.7773333,Earthquake,6.0,31.61,13.0,6.35,ML,0.123,4.0,335.0,,99.0,0.6,CI3330114,CI,CI,CI,Reviewed
12/20/1966,15:30:01,37.3021667,-116.4083333,Nuclear Explosion,1.2,31.61,16.0,5.62,ML,0.245,10.0,261.0,1.476,99.0,0.86,CI3329931,CI,CI,CI,Reviewed
04/26/1968,15:00:02,37.2953333,-116.4556667,Nuclear Explosion,1.2,31.61,17.0,5.63,ML,0.125,6.0,261.0,1.438,99.0,1.03,CI3342128,CI,CI,CI,Reviewed
12/19/1968,16:30:01,37.2315,-116.4736667,Nuclear Explosion,1.4,31.61,16.0,5.52,ML,0.219,6.0,257.0,1.415,99.0,1.36,CI3342181,CI,CI,CI,Reviewed
09/16/1969,14:30:01,37.3141667,-116.4606667,Nuclear Explosion,1.2,31.61,13.0,5.82,ML,0.187,8.0,268.0,1.437,99.0,0.33,CI3326197,CI,CI,CI,Reviewed
03/26/1970,19:00:01,37.3005,-116.5341667,Nuclear Explosion,1.2,31.61,16.0,5.54,ML,0.41,10.0,260.0,1.377,99.0,0.35,CI3325031,CI,CI,CI,Reviewed
06/06/1973,13:00:01,37.245,-116.346,Nuclear Explosion,1.1,31.61,17.0,5.64,ML,0.155,8.0,259.0,1.517,99.0,0.55,CI3319623,CI,CI,CI,Reviewed
11/22/1974,16:25:34,30.25,-114.8,Earthquake,6.0,31.61,20.0,5.55,ML,0.055,4.0,312.0,2.641,99.0,3.22,CI3319062,CI,CI,CI,Reviewed
06/26/1975,12:30:01,37.2788333,-116.3686667,Nuclear Explosion,6.0,31.61,19.0,5.52,ML,0.341,13.0,260.0,1.504,99.0,3.44,CI12328563,CI,CI,CI,Reviewed
10/28/1975,14:30:00,37.2901667,-116.4115,Nuclear Explosion,1.3,31.61,19.0,5.67,ML,0.302,8.0,260.0,1.472,99.0,2.75,CI3006257,CI,CI,CI,Reviewed
01/03/1976,19:15:01,37.2965,-116.3331667,Nuclear Explosion,1.5,31.61,20.0,5.84,ML,0.123,8.0,261.0,1.534,99.0,0.44,CI3001652,CI,CI,CI,Reviewed
02/12/1976,14:45:01,37.2713333,-116.4883333,Nuclear Explosion,1.2,31.61,56.0,5.81,ML,0.188,9.0,259.0,,99.0,0.42,CI3002022,CI,CI,CI,Reviewed
03/14/1976,12:30:01,37.306,-116.4715,Nuclear Explosion,1.3,31.61,52.0,5.84,ML,0.246,12.0,260.0,,99.0,0.38,CI3002345,CI,CI,CI,Reviewed
03/17/1976,14:15:01,37.2558333,-116.3118333,Nuclear Explosion,0.9,31.61,54.0,5.52,ML,0.092,8.0,259.0,,99.0,0.39,CI3002390,CI,CI,CI,Reviewed
10/15/1979,23:16:54,32.6673333,-115.3591667,Earthquake,15.0,31.61,78.0,6.4,MW,0.288,2.0,168.0,,1.26,0.5,CI3352060,CI,CI,CI,Reviewed
05/18/1980,15:32:11,46.2073333,-122.188,Earthquake,1.51,0.56,18.0,5.7,MD,0.08,1.0,62.0,0.008296,0.682,0.22,UW10084803,UW,UW,UW,Reviewed
05/25/1980,19:44:51,37.6956667,-118.75,Earthquake,6.0,31.61,19.0,6.47,ML,0.197,6.0,224.0,,3.61,0.57,CI3308037,CI,CI,CI,Reviewed
05/27/1980,14:50:56,37.6243333,-118.7551667,Earthquake,6.0,31.61,10.0,6.31,ML,0.182,10.0,218.0,,4.1,0.79,CI9728478,CI,CI,CI,Reviewed
09/07/1980,04:36:38,38.1383333,-118.3913333,Earthquake,6.0,31.61,5.0,5.52,ML,0.206,12.0,333.0,1.09,8.02,0.33,CI9735242,CI,CI,CI,Reviewed
04/26/1981,12:09:28,33.0955,-115.6245,Earthquake,18.904,0.67,81.0,5.75,ML,0.161,6.0,34.0,,0.56,0.34,CI514869,CI,CI,CI,Reviewed
09/21/1993,03:28:56,42.3161667,-122.0266667,Earthquake,8.56,0.93,201.0,5.9,MD,0.02,3.0,129.0,,0.441,0.09,UW10313718,UW,UW,UW,Reviewed
09/21/1993,05:45:35,42.3575,-122.0583333,Earthquake,8.53,0.85,234.0,6.0,MD,0.02,3.0,128.0,,0.4,0.08,UW10313838,UW,UW,UW,Reviewed
07/03/1999,01:43:54,47.074,-123.4636667,Earthquake,40.014,0.06,48.0,5.8,MD,0.05,6.0,85.0,,0.085,0.21,UW10474303,UW,UW,UW,Reviewed
02/28/2001,18:54:33,47.149,-122.7266667,Earthquake,51.798,0.92,67.0,6.8,MD,0.03,0.0,31.0,,0.517,0.2,UW10530748,UW,UW,UW,Reviewed
02/21/2008,14:16:03,41.1444,-114.8721,Earthquake,7.9,1.9,18.0,6.2,ML,0.15,4.0,95.21,0.318,1.61,0.1855,NN00234425,NN,NN,NN,Reviewed
05/28/2014,21:15:07,18.045,-68.3509,Earthquake,90.0,2.0,31.0,5.8,ML,0.0,12.0,262.8,0.46712395,2.9,0.41,PR14148004,PR,PR,PR,Reviewed
08/20/2014,10:14:16,32.636,47.736,Earthquake,17.7,3.4,,5.6,MWB,0.04,59.0,,,4.0,0.85,USB000S4IF,US,TEH,US,Reviewed
08/20/2014,20:12:38,52.5074,175.3783,Earthquake,5.19,2.9,,5.5,MWB,0.037,71.0,29.0,0.809,6.4,0.87,USB000S4PB,US,US,US,Reviewed
08/20/2014,23:18:20,-59.1064,-17.1165,Earthquake,10.0,1.8,,5.5,MWB,0.071,19.0,55.0,11.675,10.9,0.5,USB000S4RB,US,US,US,Reviewed
08/24/2014,20:21:24,-55.323,-28.5152,Earthquake,10.5,3.4,,5.5,MB,0.08,54.0,29.0,4.729,8.2,0.97,USB000S5W9,US,US,US,Reviewed
08/27/2014,16:31:14,-15.5674,-177.8307,Earthquake,10.0,1.7,,5.6,MWB,0.058,29.0,37.0,4.5,7.9,0.62,USC000S7EW,US,US,US,Reviewed
08/29/2014,21:16:45,-41.8341,84.8674,Earthquake,10.0,1.8,,5.5,MWB,0.063,24.0,57.0,6.913,10.5,1.01,USC000S88K,US,US,US,Reviewed
09/10/2014,05:19:24,-0.2002,125.0922,Earthquake,40.82,4.6,,5.6,MB,0.052,132.0,26.0,2.466,6.5,1.06,USB000SAYV,US,US,US,Reviewed
09/18/2014,04:17:53,50.5415,150.1349,Earthquake,500.0,4.6,,5.5,MWB,0.059,28.0,32.0,5.348,8.1,0.32,USB000SDTR,US,US,US,Reviewed
09/20/2014,18:27:14,-0.7667,134.3003,Earthquake,11.84,3.1,,5.5,MB,0.047,164.0,16.0,2.962,7.0,0.87,USB000SEIY,US,US,US,Reviewed
09/30/2014,16:45:56,1.6025,67.7354,Earthquake,10.0,1.7,,5.5,MWB,0.032,92.0,21.0,10.115,8.6,0.75,USB000SHED,US,US,US,Reviewed
09/30/2014,22:34:27,-17.8303,-178.5952,Earthquake,572.19,4.8,,5.5,MWB,0.052,35.0,18.0,3.194,9.5,0.66,USB000SHIF,US,US,US,Reviewed
10/03/2014,08:05:44,11.3267,122.1187,Earthquake,19.45,3.1,,5.5,MWB,0.075,17.0,39.0,2.99,6.8,0.64,USB000SIF9,US,US,US,Reviewed
10/14/2014,04:12:27,-34.8164,179.864,Earthquake,14.21,3.3,,5.7,MB,0.041,229.0,52.0,3.015,9.2,0.51,USB000SLWZ,US,US,US,Reviewed
10/20/2014,07:58:52,-61.9473,161.3242,Earthquake,10.0,1.7,,5.7,MWB,0.065,23.0,37.0,7.574,9.4,1.18,USB000SP4A,US,US,US,Reviewed
10/20/2014,19:33:22,0.6623,-77.8895,Earthquake,10.0,1.7,,5.6,MWB,0.054,33.0,27.0,0.702,5.5,0.95,USB000SP80,US,US,US,Reviewed
10/21/2014,23:01:18,-63.4595,169.6619,Earthquake,10.0,1.7,,5.6,MWB,0.062,25.0,21.0,14.342,10.8,0.98,USB000SPMS,US,US,US,Reviewed
11/12/2014,11:16:47,1.1343,-85.3828,Earthquake,10.0,1.9,,5.5,MWB,0.054,33.0,86.0,5.221,7.5,0.73,USC000SWJ4,US,US,US,Reviewed
11/13/2014,12:21:06,-18.4981,169.1149,Earthquake,211.0,1.8,,5.5,MWB,0.093,11.0,24.0,3.542,3.4,0.89,USC000SWX1,US,US,US,Reviewed
11/15/2014,02:35:00,1.6728,126.2983,Earthquake,44.94,7.5,,5.9,MB,0.122,33.0,59.0,1.393,9.8,1.18,USB000T0PJ,US,US,US,Reviewed
11/20/2014,18:14:38,23.5081,93.5148,Earthquake,49.0,1.8,,5.6,MWB,0.049,40.0,10.0,2.546,7.3,0.78,USB000SYBR,US,US,US,Reviewed
11/25/2014,15:19:08,30.1884,101.7618,Earthquake,9.0,1.8,,5.6,MWB,0.054,33.0,19.0,5.119,5.5,0.61,USB000SZW2,US,US,US,Reviewed
11/26/2014,14:49:50,1.8122,126.4582,Earthquake,30.39,3.2,,5.6,MB,0.038,248.0,20.0,1.375,6.8,0.78,USB000T098,US,US,US,Reviewed
12/03/2014,00:27:04,-2.9324,122.423,Earthquake,10.0,1.7,,5.5,MWB,0.052,36.0,25.0,1.91,4.8,1.2,USB000T2CN,US,US,US,Reviewed
12/08/2014,09:52:04,50.3161,158.0836,Earthquake,47.13,1.7,,5.6,MB,0.026,548.0,54.0,2.734,8.0,0.83,USC000T4IX,US,US,US,Reviewed
12/11/2014,13:53:29,-56.7511,-25.4248,Earthquake,10.0,1.8,,5.5,MWB,0.06,27.0,43.0,6.751,10.1,0.95,USC000T5JN,US,US,US,Reviewed
12/24/2014,01:19:39,-56.3004,147.2567,Earthquake,10.0,1.7,,5.5,MWB,0.058,29.0,49.0,6.904,10.1,1.05,USC000T9L4,US,US,US,Reviewed
12/24/2014,01:58:02,-56.3945,147.336,Earthquake,4.0,1.6,,5.9,MWB,0.054,33.0,43.0,6.878,9.6,0.93,USC000T9LM,US,US,US,Reviewed
12/27/2014,18:53:47,-17.9261,-179.49,Earthquake,621.76,4.1,,5.5,MWB,0.069,20.0,27.0,2.347,6.1,0.74,USC000TAA1,US,US,US,Reviewed
12/31/2014,09:26:22,13.7483,120.6673,Earthquake,110.0,1.9,,5.5,MWB,0.05,39.0,30.0,8.78,8.3,0.96,USC000TAXU,US,US,US,Reviewed
01/06/2015,22:09:13,55.2049,163.2446,Earthquake,10.0,1.8,,5.6,MWB,0.035,78.0,73.0,3.476,7.5,0.63,USC000TC8Q,US,US,US,Reviewed
01/08/2015,14:56:31,-61.6118,161.3346,Earthquake,10.0,1.7,,5.7,MWB,0.071,19.0,37.0,7.244,11.4,0.77,USC000TD4A,US,US,US,Reviewed
01/29/2015,03:49:35,-19.2852,-174.171,Earthquake,39.77,4.0,,5.6,MWB,0.046,46.0,22.0,4.016,8.0,0.7,USC000TJZJ,US,US,US,Reviewed
02/01/2015,11:41:46,-12.3801,166.7543,Earthquake,176.66,4.0,,5.5,MWB,0.089,12.0,28.0,3.079,9.2,0.57,USC000TKQD,US,US,US,Reviewed
02/04/2015,08:20:44,-25.7381,-175.8779,Earthquake,19.0,1.8,,5.5,MWB,0.035,80.0,52.0,3.939,8.6,1.25,USC000TLGC,US,US,US,Reviewed
02/08/2015,15:09:09,-2.4318,119.3699,Earthquake,37.28,5.2,,5.6,MWB,0.063,24.0,34.0,2.593,6.3,0.67,USC000TN7F,US,US,US,Reviewed
02/11/2015,21:29:25,-65.5984,-179.601,Earthquake,10.0,1.8,,5.8,MWB,0.127,6.0,78.0,12.967,11.9,0.74,USB000TNDE,US,US,US,Reviewed
02/12/2015,15:51:00,19.3552,-105.7405,Earthquake,41.67,4.7,,5.5,MWB,0.075,17.0,92.0,1.356,6.8,1.12,USB000TNLK,US,US,US,Reviewed
02/17/2015,04:46:39,40.1095,141.8914,Earthquake,47.0,1.9,,5.5,MWB,0.059,28.0,40.0,1.149,5.5,0.43,USB000TPY8,US,US,US,Reviewed
02/18/2015,00:48:29,8.3227,-103.159,Earthquake,5.0,1.8,,5.5,MWB,0.056,31.0,80.0,11.411,11.2,1.29,USB000TQ6V,US,US,US,Reviewed
02/19/2015,10:24:04,-53.4419,159.3522,Earthquake,10.0,1.7,,5.5,MWB,0.089,12.0,59.0,1.084,7.9,0.98,US10000DG7,US,US,US,Reviewed
03/01/2015,03:32:34,0.0241,124.4702,Earthquake,62.0,1.6,,5.6,MWB,0.048,42.0,18.0,2.001,5.9,1.03,USC000TU4Z,US,US,US,Reviewed
03/02/2015,02:50:48,-59.561,-150.6522,Earthquake,13.0,1.7,,5.5,MWB,0.08,15.0,70.0,30.578,15.0,0.97,USC000TUYV,US,US,US,Reviewed
03/15/2015,02:17:08,-22.2789,-176.3784,Earthquake,112.0,1.8,,5.5,MWB,0.046,46.0,40.0,6.828,9.6,0.76,US10001MGF,US,US,US,Reviewed
03/28/2015,19:16:33,-18.2822,176.7927,Earthquake,8.0,1.8,,5.5,MWB,0.061,26.0,63.0,1.312,6.8,0.78,US10001RK3,US,US,US,Reviewed
03/30/2015,00:15:31,-5.2049,152.6038,Earthquake,42.05,4.9,,5.7,MB,0.044,184.0,19.0,1.098,5.5,1.06,US10001RVZ,US,US,US,Reviewed
03/30/2015,10:34:53,-39.2859,78.0903,Earthquake,10.0,1.8,,5.9,MWB,0.08,15.0,24.0,1.542,9.4,0.91,US10001S0C,US,US,US,Reviewed
04/05/2015,20:51:40,-5.5476,152.7221,Earthquake,8.0,1.8,,5.5,MWB,0.045,48.0,73.0,1.457,7.5,0.97,US10001U5V,US,US,US,Reviewed
04/11/2015,05:00:42,2.1173,126.6945,Earthquake,50.0,1.8,,5.5,MWB,0.043,53.0,24.0,1.495,6.5,1.0,US200025T9,US,US,US,Reviewed
04/14/2015,08:13:55,-15.1965,-173.3499,Earthquake,8.0,1.7,,5.6,MWB,0.038,67.0,32.0,5.058,8.2,0.72,US200026CN,US,US,US,Reviewed
04/20/2015,09:05:34,-5.6841,102.4776,Earthquake,27.0,1.8,,5.7,MWB,0.039,63.0,24.0,1.398,6.4,1.25,US200027RC,US,US,US,Reviewed
04/25/2015,06:15:23,27.6285,85.5398,Earthquake,10.0,1.8,,6.1,MB,0.089,48.0,43.0,1.173,8.0,1.02,US20002BI4,US,US,US,Reviewed
04/25/2015,06:18:11,27.6857,86.0213,Earthquake,10.0,1.9,,5.6,MB,0.109,30.0,42.0,0.751,7.4,0.76,US20002BI0,US,US,US,Reviewed
04/25/2015,06:56:34,27.8822,85.7505,Earthquake,10.0,1.8,,5.5,MB,0.053,123.0,39.0,0.942,3.0,0.65,US20002934,US,US,US,Reviewed
04/25/2015,09:17:02,28.3902,87.3173,Earthquake,10.0,1.4,,5.7,MB,0.033,328.0,22.0,0.619,5.8,0.7,US2000294G,US,US,US,Reviewed
04/30/2015,10:19:08,-60.3933,-26.9077,Earthquake,10.0,1.7,,5.8,MWB,0.045,48.0,38.0,8.016,9.7,1.06,US20002AG2,US,US,US,Reviewed
05/01/2015,08:06:52,-5.4912,151.8715,Earthquake,35.0,1.9,,6.0,MB,0.108,32.0,71.0,1.323,10.4,0.98,US20002DHX,US,US,US,Reviewed
05/03/2015,22:35:08,-5.5228,151.8552,Earthquake,35.0,1.8,,5.5,MB,0.046,162.0,37.0,1.358,6.4,0.69,US20002B1X,US,US,US,Reviewed
05/04/2015,12:24:08,-61.4428,154.2683,Earthquake,14.0,1.7,,5.7,MWB,0.054,33.0,41.0,7.394,9.9,0.61,US20002B6B,US,US,US,Reviewed
05/05/2015,01:54:00,-5.3494,152.0278,Earthquake,35.0,1.9,,5.8,MB,0.042,201.0,19.0,1.158,3.8,0.62,US20002BNG,US,US,US,Reviewed
05/05/2015,01:58:17,-5.4716,152.1638,Earthquake,35.0,1.9,,5.6,MB,0.057,107.0,48.0,1.272,8.5,0.57,US20002BP4,US,US,US,Reviewed
05/12/2015,07:17:21,27.7141,86.2177,Earthquake,13.01,4.7,,5.5,MB,0.043,183.0,66.0,0.579,6.8,0.89,US20002EK0,US,US,US,Reviewed
05/17/2015,08:52:37,-12.0807,165.8102,Earthquake,9.0,1.6,,5.6,MWB,0.048,41.0,30.0,3.609,6.7,0.7,US100029XN,US,US,US,Reviewed
06/23/2015,08:59:56,-19.5686,-175.0399,Earthquake,138.0,1.8,,5.5,MWB,0.083,14.0,15.0,4.852,7.9,0.79,US10002L2M,US,US,US,Reviewed
06/23/2015,12:19:29,27.707,139.7745,Earthquake,462.13,7.6,,5.5,MB,0.076,60.0,81.0,5.39,9.8,1.23,US20002W0Y,US,US,US,Reviewed
06/23/2015,12:22:20,27.6475,140.0686,Earthquake,470.67,8.5,,5.6,MB,0.075,62.0,55.0,1.96,10.9,0.68,US20002W0X,US,US,US,Reviewed
06/27/2015,15:34:04,29.0402,34.6672,Earthquake,22.0,1.9,,5.5,MWB,0.049,40.0,57.0,2.386,8.2,0.76,US10002M3F,US,US,US,Reviewed
06/29/2015,22:07:49,36.6802,71.3004,Earthquake,191.0,1.8,,5.5,MWB,0.068,21.0,27.0,0.731,4.0,1.25,US10002MFT,US,US,US,Reviewed
07/12/2015,04:37:31,2.9918,128.1869,Earthquake,115.0,1.9,,5.5,MWB,0.063,24.0,37.0,2.352,7.3,0.98,US20002WVT,US,US,US,Reviewed
07/20/2015,11:08:19,-35.5251,-105.0838,Earthquake,14.0,1.7,,5.7,MWB,0.04,60.0,34.0,9.125,10.4,0.68,US20002YND,US,US,US,Reviewed
07/23/2015,03:56:53,-0.6942,-21.1776,Earthquake,8.55,2.0,,5.5,MWB,0.054,33.0,42.0,9.892,8.6,0.67,US20002ZFA,US,US,US,Reviewed
07/24/2015,21:44:39,-8.2477,108.9163,Earthquake,48.0,1.2,,5.5,MWB,0.06,27.0,17.0,1.625,5.6,1.33,US20002ZZG,US,US,US,Reviewed
07/26/2015,22:42:13,-18.024,-174.0685,Earthquake,7.3,2.9,,5.8,MWB,0.048,41.0,50.0,4.065,7.8,0.75,US2000308L,US,US,US,Reviewed
07/27/2015,04:51:23,52.7811,-169.5781,Earthquake,31.9,7.1,,5.9,MB,0.09,46.0,178.0,0.478,13.3,0.61,US100032BK,US,US,US,Reviewed
07/27/2015,04:55:46,52.208,-169.4223,Earthquake,27.84,4.4,,5.7,MB,0.037,263.0,120.0,0.608,5.2,1.04,US200030AR,US,US,US,Reviewed
07/27/2015,07:40:51,52.3581,-169.0816,Earthquake,35.0,1.9,,5.5,MB,0.033,329.0,59.0,0.63,6.9,0.98,US100032CA,US,US,US,Reviewed
07/27/2015,07:41:05,52.4977,-169.7473,Earthquake,35.0,1.9,,5.6,MB,0.065,82.0,88.0,0.721,7.5,1.28,US100032CB,US,US,US,Reviewed
07/27/2015,07:43:31,52.2564,-169.3455,Earthquake,39.58,4.7,,5.7,MB,0.027,483.0,64.0,0.579,4.8,0.77,US200030BX,US,US,US,Reviewed
07/30/2015,07:42:25,-27.0321,-176.0466,Earthquake,10.0,1.7,,5.6,MWB,0.047,44.0,55.0,2.761,7.7,1.12,US10002WA2,US,US,US,Reviewed
08/11/2015,13:35:49,-27.0523,-176.2728,Earthquake,10.0,1.7,,5.7,MWB,0.043,53.0,35.0,2.628,9.0,0.8,US10003137,US,US,US,Reviewed
09/01/2015,15:24:09,31.2841,141.7062,Earthquake,10.0,1.8,,5.6,MB,0.029,410.0,25.0,2.43,6.6,0.74,US20003FE2,US,US,US,Reviewed
09/09/2015,07:05:44,-49.5321,-116.3317,Earthquake,10.0,1.8,,5.9,MWB,0.061,26.0,63.0,35.377,13.9,0.89,US20003HME,US,US,US,Reviewed
09/16/2015,22:59:15,-31.618,-71.745,Earthquake,26.7,3.6,,6.4,MB,0.081,60.0,,,6.0,0.72,US20003K8B,US,GUC,US,Reviewed
09/16/2015,23:09:07,-31.1055,-71.405,Earthquake,37.8,4.8,,5.6,MB,0.07,72.0,68.0,0.473,5.7,0.8,US20003KDQ,US,US,US,Reviewed
09/16/2015,23:09:26,-31.5743,-71.6717,Earthquake,35.0,1.9,,5.7,MB,0.073,67.0,94.0,1.585,7.9,0.89,US10003ITV,US,US,US,Reviewed
09/16/2015,23:16:09,-31.6,-71.9189,Earthquake,35.0,1.8,,6.1,MB,0.051,146.0,98.0,0.954,5.3,0.76,US20003K83,US,US,US,Reviewed
09/16/2015,23:23:26,-31.1674,-71.772,Earthquake,32.1,4.9,,5.7,MB,0.137,19.0,147.0,0.505,4.6,0.74,US20003M3N,US,US,US,Reviewed
09/16/2015,23:28:23,-30.7179,-71.8037,Earthquake,20.71,4.0,,5.5,MB,0.099,35.0,112.0,0.151,5.4,0.67,US10003IT9,US,US,US,Reviewed
09/16/2015,23:38:02,-31.7842,-72.0222,Earthquake,12.46,3.0,,5.9,MB,0.039,238.0,28.0,1.155,5.1,0.74,US20003K89,US,US,US,Reviewed
09/17/2015,01:33:03,-31.7363,-72.0265,Earthquake,9.29,2.9,,5.8,MWR,0.049,40.0,34.0,1.111,2.3,0.88,US20003KC5,US,US,US,Reviewed
09/17/2015,04:26:39,-31.4167,-71.98,Earthquake,17.62,3.1,,5.5,MWR,0.048,42.0,86.0,0.797,5.1,0.69,US20003KGI,US,US,US,Reviewed
09/17/2015,05:44:40,-31.8011,-72.1309,Earthquake,10.0,1.7,,5.5,MWR,0.048,41.0,40.0,1.201,5.2,0.62,US20003KHN,US,US,US,Reviewed
09/17/2015,08:58:45,53.2985,159.7085,Earthquake,68.09,5.1,,5.5,MB,0.047,160.0,91.0,0.694,8.1,0.57,US20003KJD,US,US,US,Reviewed
09/26/2015,17:23:27,5.2649,123.7966,Earthquake,516.0,1.9,,5.5,MWB,0.056,31.0,31.0,2.521,6.3,1.06,US20003PCI,US,US,US,Reviewed
09/26/2015,18:17:25,-6.278,151.6661,Earthquake,2.93,2.6,,5.5,MB,0.037,253.0,18.0,2.131,6.2,0.74,US20003PCW,US,US,US,Reviewed
09/26/2015,21:40:35,-57.0947,-142.4382,Earthquake,10.0,1.8,,5.9,MWB,0.048,41.0,66.0,26.881,12.5,1.35,US20003PDW,US,US,US,Reviewed
10/24/2015,17:31:19,-30.2199,-179.3319,Earthquake,313.68,3.9,,5.5,MWB,0.078,16.0,56.0,1.559,6.2,1.01,US10003R6Y,US,US,US,Reviewed
10/26/2015,09:09:32,36.459,70.6847,Earthquake,206.94,4.6,,5.9,MB,0.053,133.0,18.0,0.671,6.5,1.11,US100042N2,US,US,US,Reviewed
11/11/2015,06:26:34,-9.1387,-108.6442,Earthquake,10.0,1.8,,5.6,MWB,0.063,24.0,100.0,17.905,13.4,0.62,US10003XAF,US,US,US,Reviewed
11/24/2015,20:45:02,-0.0981,-17.834,Earthquake,10.0,1.8,,5.5,MWB,0.065,23.0,33.0,8.372,9.6,0.88,US100040UV,US,US,US,Reviewed
11/29/2015,18:56:22,-23.4779,-64.5862,Earthquake,10.0,1.8,,5.5,MB,0.081,53.0,45.0,4.075,5.6,0.89,US100042ZP,US,US,US,Reviewed
11/30/2015,20:19:05,-8.791,67.6967,Earthquake,10.0,1.8,,5.5,MWB,0.042,55.0,59.0,4.904,6.6,0.95,US1000429G,US,US,US,Reviewed
12/07/2015,08:30:57,41.7307,74.6053,Earthquake,21.53,3.2,,5.5,MB,0.032,338.0,41.0,0.909,4.6,0.72,US100044KM,US,US,US,Reviewed
12/12/2015,23:32:55,-41.1083,-90.0703,Earthquake,10.0,1.7,,5.5,MWB,0.057,30.0,63.0,12.473,10.8,0.88,US20004GTZ,US,US,US,Reviewed
12/21/2015,15:44:05,-4.4354,151.9782,Earthquake,162.0,1.3,,5.7,MWB,0.05,38.0,33.0,0.136,6.9,0.68,US100048LK,US,US,US,Reviewed
01/10/2016,12:12:02,-57.6576,-147.9486,Earthquake,4.0,1.7,,5.6,MWB,0.075,17.0,48.0,32.49,13.0,0.95,US10004DAM,US,US,US,Reviewed
01/14/2016,11:04:19,-15.6408,-177.1557,Earthquake,10.0,1.8,,5.6,MWB,0.065,23.0,38.0,5.045,9.4,1.35,US10004EFN,US,US,US,Reviewed
01/30/2016,12:02:48,-3.1401,146.9814,Earthquake,13.0,1.8,,5.5,MWB,0.065,23.0,30.0,1.155,7.3,1.06,US20004W14,US,US,US,Reviewed
02/26/2016,01:49:37,-62.2092,155.2569,Earthquake,10.0,1.8,,5.7,MWB,0.083,14.0,36.0,15.531,12.1,0.88,US10004SSU,US,US,US,Reviewed
03/03/2016,08:36:33,-9.7645,125.316,Earthquake,29.5,5.6,,5.6,MB,0.079,56.0,77.0,1.686,8.0,0.68,US10004UA7,US,US,US,Reviewed
03/05/2016,18:45:30,-32.9625,-178.2218,Earthquake,10.0,1.7,,5.5,MB,0.046,160.0,48.0,3.714,8.5,1.12,US10004UY6,US,US,US,Reviewed
03/21/2016,14:48:51,27.7676,66.0962,Earthquake,10.0,1.8,,5.6,MWB,0.043,51.0,19.0,7.208,7.3,0.54,US20005BFT,US,US,US,Reviewed
04/12/2016,03:22:48,-3.7568,-103.9367,Earthquake,10.0,1.8,,5.8,MWB,0.04,60.0,48.0,13.979,11.9,0.64,US20005HAZ,US,US,US,Reviewed
04/12/2016,12:07:56,-55.2497,146.1742,Earthquake,9.0,1.7,,5.5,MWB,0.098,10.0,45.0,7.415,9.9,1.11,US20005HDP,US,US,US,Reviewed
04/15/2016,18:55:53,33.0051,131.1569,Earthquake,13.22,3.2,,5.5,MWR,0.098,10.0,19.0,0.263,4.7,0.87,US20005INZ,US,US,US,Reviewed
04/17/2016,00:29:31,-0.2648,-80.4644,Earthquake,15.49,3.5,,5.5,MB,0.041,205.0,44.0,2.008,6.3,0.88,US20005J3I,US,US,US,Reviewed
04/17/2016,09:23:41,-0.2344,-80.6943,Earthquake,10.0,1.7,,5.6,MWB,0.04,61.0,45.0,2.212,6.4,1.06,US20005J6Q,US,US,US,Reviewed
04/19/2016,22:22:25,0.5783,-80.0247,Earthquake,11.0,1.7,,5.6,MWB,0.038,66.0,47.0,1.609,6.0,0.68,US20005JYU,US,US,US,Reviewed
04/20/2016,08:35:11,0.7079,-80.0352,Earthquake,10.0,1.8,,6.0,MWB,0.042,54.0,78.0,1.651,6.9,1.43,US20005KB6,US,US,US,Reviewed
05/03/2016,02:34:59,-55.7642,-143.9055,Earthquake,10.0,1.8,,5.5,MWB,0.063,24.0,37.0,27.84,11.8,0.91,US10005D7K,US,US,US,Reviewed
05/05/2016,07:01:47,13.7719,51.7683,Earthquake,10.0,1.9,,5.5,MWB,0.048,41.0,34.0,2.494,7.4,1.19,US10005DZ1,US,US,US,Reviewed
05/05/2016,11:01:47,-8.9416,-108.2391,Earthquake,10.0,1.8,,5.6,MWB,0.048,42.0,71.0,19.672,13.9,1.12,US10005DZS,US,US,US,Reviewed
05/07/2016,00:18:37,18.3754,-105.3371,Earthquake,10.0,1.8,,5.6,MWB,0.063,24.0,104.0,1.506,5.9,0.85,US10005EL7,US,US,US,Reviewed
05/09/2016,01:33:34,-62.5795,165.344,Earthquake,10.0,1.8,,5.5,MWB,0.083,14.0,66.0,15.056,10.5,1.46,US10005G1A,US,US,US,Reviewed
05/13/2016,07:01:10,30.659,66.3878,Earthquake,10.0,1.8,,5.5,MWB,0.055,32.0,33.0,4.472,8.0,0.95,US10005H1J,US,US,US,Reviewed
05/27/2016,03:46:51,27.6887,128.5829,Earthquake,10.0,1.9,,5.5,MB,0.067,76.0,152.0,0.893,8.5,0.92,US20005YDI,US,US,US,Reviewed
06/17/2016,21:26:18,-11.6148,166.37,Earthquake,45.64,4.3,,5.7,MWB,0.041,58.0,42.0,6.675,7.9,0.74,US20006567,US,US,US,Reviewed
07/08/2016,04:28:43,-0.4071,-80.8075,Earthquake,7.1,2.7,,5.5,MWB,0.06,27.0,30.0,2.218,5.1,0.87,US100061TJ,US,US,US,Reviewed
07/10/2016,02:32:42,-35.8108,-103.2511,Earthquake,10.0,1.7,,5.6,MWB,0.073,18.0,46.0,10.092,10.6,0.65,US100062B1,US,US,US,Reviewed
07/15/2016,10:16:55,-28.176,-176.3523,Earthquake,10.0,1.7,,5.6,MWB,0.068,21.0,44.0,1.747,8.8,0.95,US20006EWT,US,US,US,Reviewed
07/15/2016,18:02:49,35.2083,-35.2241,Earthquake,16.01,3.9,,5.5,MWB,0.035,77.0,52.0,6.593,9.3,0.76,US20006F14,US,US,US,Reviewed
07/23/2016,08:51:59,14.8899,-103.5251,Earthquake,10.0,1.8,,5.5,MB,0.041,210.0,83.0,3.348,7.8,1.03,US20006H2E,US,US,US,Reviewed
07/24/2016,14:10:51,0.915,-28.9702,Earthquake,10.0,1.8,,5.7,MWB,0.033,89.0,27.0,9.631,8.8,0.62,US20006H9G,US,US,US,Reviewed
07/25/2016,09:00:28,-49.4245,126.3706,Earthquake,10.0,1.8,,5.5,MB,0.093,40.0,53.0,15.883,11.7,0.99,US100068C5,US,US,US,Reviewed
07/26/2016,05:49:19,-0.2711,-18.6431,Earthquake,10.0,1.7,,5.9,MWB,0.032,94.0,38.0,8.573,8.1,1.18,US20006HNX,US,US,US,Reviewed
07/29/2016,21:26:59,18.7561,145.4878,Earthquake,187.78,5.1,,5.6,MB,0.043,191.0,33.0,3.507,10.0,0.71,US100069RR,US,US,US,Reviewed
08/14/2016,04:09:48,-27.348,-176.2612,Earthquake,10.0,1.7,,5.5,MB,0.037,258.0,31.0,2.394,4.5,0.96,US10006DPP,US,US,US,Reviewed
08/15/2016,02:59:01,-15.6542,-72.0092,Earthquake,20.0,1.8,,5.5,MWB,0.058,29.0,95.0,3.095,7.7,0.85,US10006DU3,US,US,US,Reviewed
08/19/2016,07:36:02,-55.335,-30.7714,Earthquake,10.0,1.8,,5.7,MB,0.13,21.0,112.0,3.471,8.3,1.03,US10006GI2,US,US,US,Reviewed
08/19/2016,20:37:16,-55.201,-32.1126,Earthquake,6.79,3.1,,5.5,MWB,0.062,25.0,45.0,2.697,7.6,0.72,US10006F9K,US,US,US,Reviewed
08/23/2016,19:40:47,-7.2131,122.5391,Earthquake,520.29,5.1,,5.8,MB,0.058,109.0,13.0,6.134,8.7,0.88,US10006GJ0,US,US,US,Reviewed
09/01/2016,16:47:15,-37.4395,179.4941,Earthquake,10.39,5.1,,5.5,MB,0.158,18.0,201.0,0.952,6.4,1.19,US10006JBT,US,US,US,Reviewed
09/01/2016,16:48:03,-37.2263,179.093,Earthquake,16.81,0.8,,5.5,MB,0.081,54.0,99.0,0.71,5.9,1.2,US10006JP4,US,US,US,Reviewed
09/01/2016,17:01:08,-37.0174,178.8907,Earthquake,10.0,1.7,,5.7,MB,0.062,93.0,37.0,0.716,8.8,0.97,US10006JC0,US,US,US,Reviewed
09/01/2016,19:18:32,-37.2309,178.6028,Earthquake,10.47,2.8,,5.5,MB,0.048,149.0,58.0,0.406,4.9,0.98,US10006JF5,US,US,US,Reviewed
09/01/2016,20:06:10,-37.3176,178.7148,Earthquake,10.0,1.8,,5.5,MB,0.068,75.0,72.0,0.406,9.5,1.0,US10006JFZ,US,US,US,Reviewed
09/02/2016,01:57:51,-55.3295,-30.9179,Earthquake,8.0,1.7,,5.5,MWB,0.062,25.0,25.0,3.389,8.9,0.92,US10006JJ6,US,US,US,Reviewed
09/02/2016,11:23:06,-19.5002,-173.7059,Earthquake,10.0,1.7,,5.5,MWB,0.052,35.0,27.0,3.594,5.6,1.32,US10006JMT,US,US,US,Reviewed
09/03/2016,14:04:48,20.2816,147.3955,Earthquake,10.0,1.8,,5.5,MB,0.039,231.0,49.0,5.241,8.0,0.68,US10006JZI,US,US,US,Reviewed
09/16/2016,18:38:05,-29.1551,60.9158,Earthquake,10.0,1.7,,5.5,MWB,0.062,25.0,18.0,9.226,8.7,0.59,US10006Q7U,US,US,US,Reviewed
09/17/2016,02:30:57,-4.4346,102.7537,Earthquake,59.05,4.1,,5.5,MB,0.049,145.0,39.0,0.214,8.1,0.8,US10006QBK,US,US,US,Reviewed
09/22/2016,16:07:27,-59.4722,-27.4883,Earthquake,8.0,1.7,,5.5,MWB,0.078,16.0,31.0,7.163,9.6,0.97,US10006RP9,US,US,US,Reviewed
10/05/2016,20:53:40,7.1427,-34.3336,Earthquake,10.0,1.8,,5.5,MWB,0.036,75.0,48.0,12.979,10.5,0.98,US20007C73,US,US,US,Reviewed
10/06/2016,20:57:09,-4.0427,-103.9169,Earthquake,10.0,1.8,,5.6,MWB,0.052,35.0,52.0,14.023,9.9,0.85,US20007CFA,US,US,US,Reviewed
10/10/2016,08:35:06,-15.372,-174.8198,Earthquake,10.0,1.8,,5.6,MWB,0.06,27.0,65.0,3.284,8.0,1.19,US20007D25,US,US,US,Reviewed
10/13/2016,20:40:51,-35.4987,-103.9926,Earthquake,10.0,1.7,,5.5,MWB,0.078,16.0,134.0,9.512,8.8,1.11,US20007DXQ,US,US,US,Reviewed
10/24/2016,01:55:07,-35.9934,-102.634,Earthquake,10.0,1.8,,5.5,MWB,0.061,26.0,41.0,10.54,10.8,1.03,US20007GB2,US,US,US,Reviewed
11/10/2016,12:24:10,-50.0472,114.3817,Earthquake,10.0,1.8,,5.7,MWB,0.054,33.0,50.0,16.4,11.9,0.88,US100076MA,US,US,US,Reviewed
11/12/2016,20:08:47,6.1142,-82.5906,Earthquake,10.0,1.8,,5.6,MWB,0.043,52.0,50.0,2.459,6.9,1.05,US1000775E,US,US,US,Reviewed
11/13/2016,11:12:39,-42.4063,173.6606,Earthquake,9.91,4.5,,5.7,MB,0.086,49.0,79.0,0.709,4.6,1.0,US10007798,US,US,US,Reviewed
11/13/2016,11:19:35,-42.2132,173.4319,Earthquake,10.0,1.9,,5.5,MB,0.169,12.0,81.0,0.597,2.6,1.07,US10007DB8,US,US,US,Reviewed
11/13/2016,11:33:46,-42.0511,174.3037,Earthquake,10.06,1.1,,5.8,MB,0.146,17.0,125.0,0.309,3.8,1.01,US10007DDW,US,US,US,Reviewed
11/13/2016,11:41:50,-41.6877,174.2061,Earthquake,14.59,2.1,,5.7,MB,0.092,42.0,40.0,0.061,4.6,1.11,US10007797,US,US,US,Reviewed
11/13/2016,14:01:02,-28.8598,-67.4611,Earthquake,108.78,2.6,,5.7,MWR,0.071,19.0,27.0,2.467,6.8,0.63,US100077AP,US,US,US,Reviewed
11/21/2016,08:31:38,-53.7502,140.5246,Earthquake,10.0,1.8,,5.5,MWB,0.071,19.0,47.0,10.844,9.4,0.62,US10007B3D,US,US,US,Reviewed
11/24/2016,22:31:02,55.2049,164.7541,Earthquake,35.0,1.8,,5.5,MB,0.021,821.0,30.0,4.204,4.7,0.75,US10007C5Y,US,US,US,Reviewed
11/25/2016,07:26:24,54.4632,160.5536,Earthquake,87.86,6.1,,5.6,MB,0.05,141.0,43.0,1.833,7.7,0.78,US10007C8B,US,US,US,Reviewed
11/28/2016,08:07:22,-41.8291,88.4676,Earthquake,10.0,1.8,,5.5,MWB,0.069,20.0,59.0,9.301,9.8,0.9,US10007CW9,US,US,US,Reviewed
12/01/2016,20:51:56,-35.2021,54.0219,Earthquake,10.0,1.8,,5.5,MWB,0.075,17.0,44.0,14.608,11.3,1.19,US10007E4N,US,US,US,Reviewed
12/03/2016,14:11:12,-22.6371,-176.3381,Earthquake,155.0,1.9,,5.5,MWB,0.068,21.0,98.0,6.962,10.6,1.35,US10007ELG,US,US,US,Reviewed
12/08/2016,17:46:24,-10.2234,161.0792,Earthquake,35.0,2.0,,5.7,MB,0.12,25.0,211.0,1.36,5.7,1.27,US200081AS,US,US,US,Reviewed
12/08/2016,21:48:34,-10.8691,161.2302,Earthquake,27.2,1.2,,5.5,MB,0.03,386.0,27.0,1.901,7.5,0.69,US20007ZBI,US,US,US,Reviewed
12/09/2016,19:13:23,-11.0704,161.4548,Earthquake,39.04,8.4,,5.5,MB,0.081,52.0,107.0,2.197,10.3,1.08,US200081IW,US,US,US,Reviewed
12/09/2016,19:43:24,-10.9719,161.3099,Earthquake,19.68,3.5,,5.5,MB,0.036,266.0,52.0,2.029,8.0,0.78,US20007ZM1,US,US,US,Reviewed
12/17/2016,11:22:40,-4.4244,153.5419,Earthquake,83.36,5.1,,5.6,MB,0.066,81.0,54.0,1.393,10.2,0.71,US200081VZ,US,US,US,Reviewed
12/18/2016,06:15:46,-34.9886,-107.8694,Earthquake,10.0,1.6,,5.5,MWB,0.11,8.0,65.0,27.654,11.9,0.8,US2000826E,US,US,US,Reviewed
12/18/2016,11:35:48,-10.1904,161.2187,Earthquake,57.52,5.2,,5.5,MB,0.048,147.0,92.0,1.458,8.8,0.79,US20008293,US,US,US,Reviewed
12/20/2016,20:07:53,-10.1549,160.7816,Earthquake,10.38,3.2,,5.5,MWB,0.048,41.0,19.0,1.087,7.0,0.7,US10007LIX,US,US,US,Reviewed
12/25/2016,14:32:13,-43.481,-74.4771,Earthquake,14.93,3.3,,5.6,MB,0.067,83.0,96.0,0.697,7.1,0.52,US10007MNB,US,US,US,Reviewed
12/30/2016,20:08:28,37.3973,141.4103,Earthquake,11.94,2.2,,5.5,MB,0.029,428.0,97.0,0.681,4.5,0.91,US10007NTD,US,US,US,Reviewed
